﻿<?xml version = "1.0" standalone = "no"?>
<manifest identifier = "12_264201837478" version = "1"
    xmlns = "http://www.imsproject.org/xsd/imscp_rootv1p1p2"
    xmlns:adlcp = "http://www.adlnet.org/xsd/adlcp_rootv1p2"
    xmlns:xsi="http://www.w3.org/2001/XMLSchema-instance"
    xsi:schemaLocation = "http://www.imsproject.org/xsd/imscp_rootv1p1p2 imscp_rootv1p1p2.xsd
        http://www.imsglobal.org/xsd/imsmd_rootv1p2p1 imsmd_rootv1p2p1.xsd
        http://www.adlnet.org/xsd/adlcp_rootv1p2 adlcp_rootv1p2.xsd">
    <metadata>
        <schema>ADL SCORM</schema>
        <schemaversion>1.2</schemaversion>
        <adlcp:location>metadata.xml</adlcp:location>
    </metadata>
    <organizations default="B0">
        <organization identifier="B0">
            <title>BÀI 5 LUYỆN TẬP TÍNH CHẤT CỦA OXIT VÀ AXIT</title>
            <item identifier="EXAMPLE-SCO" identifierref="SCO-RESOURCE">
                <title>BÀI 5 LUYỆN TẬP TÍNH CHẤT CỦA OXIT VÀ AXIT_SCO</title>            </item>
        </organization>
    </organizations>
    <resources>
        <resource identifier="SCO-RESOURCE" adlcp:scormType="sco" type="webcontent" href="index.html">
                        <file href="index.html" />
                        <file href="\adlcp_rootv1p2.xsd" />
                        <file href="\imscp_rootv1p1p2.xsd" />
                        <file href="\imsmd_rootv1p2p1.xsd" />
                        <file href="\ims_xml.xsd" />
                        <file href="\metadata.xml" />
                        <file href="\ScormEnginePackageProperties.xsd" />
                        <file href="\SCORM_APIWrapper.js" />

        </resource>
    </resources>
</manifest>